published_at,title,url
2025-04-24,여자라면 7번 돌려보세요. 월 4천 버는 구체적 과정 풀스토리(자청),https://www.youtube.com/watch?v=97wHYe79_tk
2025-04-22,Suno AI 로 노래 1분 만에 만드는 방법. 완벽정리 (자청),https://www.youtube.com/watch?v=6pg0087TGok
2025-04-14,"와... 이렇게 사용한다고? (미드저니, Suno AI, Gamma AI, 소라AI 한방에 끝)",https://www.youtube.com/watch?v=xuZW4Fgj-Pg
2025-04-11,GPT 1시간 왕초보 강의(50대 60대를 위한 2025년 최신),https://www.youtube.com/watch?v=d1uSoLRfMK0
2025-04-07,일론 머스크의 천재적인 Grok3 사용법 총정리 (자청),https://www.youtube.com/watch?v=q4m_f2NPbI8
2025-03-28,GPT로 일반인이 월600만원 버는 구체적인 방법,https://www.youtube.com/watch?v=-HDSmw-9io0
2025-03-12,요즘 애들 돈 버는 법 A부터 Z까지 알려드립니다,https://www.youtube.com/watch?v=I_g21ADezzE
2025-03-10,AI랑 딱 1분만 이렇게 대화해 보세요. 1억 버는 아이디어는 이렇게 나옵니다,https://www.youtube.com/watch?v=1pdgSxGipyk
2025-03-07,Ai GPT로 하루 일하는 시간을 절반으로 줄여봅시다,https://www.youtube.com/watch?v=v6PAfiugcHU
2025-02-17,"월 3,000만 원씩 버는 20대들의 최신 공식. 완벽정리",https://www.youtube.com/watch?v=uNRzXdmjPkk
2025-02-13,GPT 딥리서치 못 쓰는 연봉 5000 이상은 이제 해고? 해결책은 존재한다,https://www.youtube.com/watch?v=y1uw9IAdO9c
2025-02-03,15kg 감량 너무 쉬워요 4가지만 그냥 하세요 (논문100편 요약정리),https://www.youtube.com/watch?v=_3AYmEfC5js
2025-01-16,부자와 뇌과학자가 달리기를 미친듯이 하는 5가지 이유,https://www.youtube.com/watch?v=WWpdujsOIG8
2025-01-12,2025년 고졸이 인생역전 하는 법. CHAT GPT o1 쉬운 사용법(이과 시청 금지),https://www.youtube.com/watch?v=r-8ljTMfHdc
2025-01-06,제 인생책을 읽으세요. 무작위로 1000만원을 드립니다.,https://www.youtube.com/watch?v=HK1Dbw5DuYA
2024-12-26,월 1000 부업? 이걸 믿는게 지능이 낮은거죠(6가지 부업에 대하여),https://www.youtube.com/watch?v=-RXyu41-4to
2024-12-22,"게으름, 무기력 5분만에 치료해드림. 다른 영상 볼 필요 없습니다. (김익한 교수)",https://www.youtube.com/watch?v=IGVOso07zjY
2024-12-19,왜 잘생긴 사람은 롤보다 스타에 많을까?,https://www.youtube.com/watch?v=v3PvPzzbhpk
2024-12-12,Ai가 윤석열 계엄령 심리분석까지?(GPT PRO o1),https://www.youtube.com/watch?v=ww0jRP6RKlM
2024-12-11,100억 날린 나의 멘탈 관리법(회복탄력성 김주환 교수),https://www.youtube.com/watch?v=Kne2CkVN4SA
2024-12-09,이 영상 공유하지 금지... 살찌고 싶어도 7kg 바로 빠진다..,https://www.youtube.com/watch?v=T61wzKKCCaw
2024-12-02,"""상대방이 깜짝 놀랍니다"" MBTI 10초만에 맞추는 방법",https://www.youtube.com/watch?v=E8e0rFhbEP8
2024-11-27,친구가 5명 이하면 똑똑한 겁니다 (저자 : 마흔에 읽는 쇼펜하우어),https://www.youtube.com/watch?v=bG_Ve0CJc8s
2024-11-26,정우성 문가비의 심리와 미래 예측 9단계,https://www.youtube.com/watch?v=l2u2tMoMmyg
2024-11-23,동덕여대 주동자 심리 11단계 흐름과 사태 총정리,https://www.youtube.com/watch?v=NCF6DlQrRrg
2024-11-20,ADHD약 후기(한국인 10명중에 1명은 ADHD?),https://www.youtube.com/watch?v=hIbaKuVe2OA
2024-11-12,방어기제가 인간의 운명을 결정한다 (당신은 어떤 방어기제를 갖고 있나요?),https://www.youtube.com/watch?v=3DiaDr1PXtc
2024-11-01,아직도 네이버 구글? 퍼플렉시티 안쓰면 인생 뒤처져요 (사용법 쉽게 요약),https://www.youtube.com/watch?v=0vPkBl9YNNI
2024-10-18,"아무도 이해 못한 '한강 채식주의자' 5분 요약, 해석, 줄거리",https://www.youtube.com/watch?v=7AOQWW8GJbw
2024-10-02,"하루 5분만 '이것' 해보세요. 우울감, 불안을 고치는 법 총정리 (김주환 교수 x 자청)",https://www.youtube.com/watch?v=ieM7hDbXkQY
2024-09-25,"거들떠도 안 보던 책에서, 인생책으로(무한의부 리카싱)",https://www.youtube.com/watch?v=rR75DaRmc_Y
2024-09-16,10년 걸릴 일을 1년으로 줄이는 나만의 방법,https://www.youtube.com/watch?v=Un4sG0BM_oY
2024-09-10,100억씩 버는 사람들이 영혼 걸고 숨기는 책,https://www.youtube.com/watch?v=ct507Sm_OGk
2024-09-02,"1,000만 원 줘도 못 듣는 기업가치 천억 회장님들 인터퓨 풀버전",https://www.youtube.com/watch?v=-K6IKl5Ns2o
2024-08-26,자청의 모든걸 8분안에 담은 영상 (9단계 상승나선이론),https://www.youtube.com/watch?v=jOpX9G89sXU
2024-08-12,나약한 MZ 시청금지 (아울 박치은),https://www.youtube.com/watch?v=4ae23BD78Tk
2024-07-22,뇌가 충격적이게 빨라지는 15가지 방법 (논문 근거),https://www.youtube.com/watch?v=rFnRUkrQqNs
2024-07-08,"MZ백수 70만, 인간을 대체하는 AI..뭘 해야하죠 교수님?",https://www.youtube.com/watch?v=pDwt6JgT6f8
2024-07-01,"AI시대, 교수님이 20살이라면 뭘 하시겠어요?(서울대 황농문 교수)",https://www.youtube.com/watch?v=EhZYrI0rafQ
2024-06-23,Chat GPT 10분 튜토리얼 완전정복,https://www.youtube.com/watch?v=gphQcOON3Zo
2024-06-16,왜 AI로 직업이 사라질까? 살아남는 대처법 2가지가 있습니다.,https://www.youtube.com/watch?v=Hg3H72ZaOFM
2024-06-02,"사라집니다. 단 5분으로 저의 일평생 불안,우울이 기묘하게 없어졌습니다.",https://www.youtube.com/watch?v=054mOaYFYsc
2024-05-26,CHAT GPT가 초래할 세상... 너 백수됨,https://www.youtube.com/watch?v=-6QToAZ-CGs
2024-05-13,열심히 사니까 실패하는겁니다. 인생은 '더시스템' 해야 합니다.,https://www.youtube.com/watch?v=mWyIfkHR0z0
2024-05-09,가난한 사람은 모르는 12가지 독서법 (세이노의 가르침),https://www.youtube.com/watch?v=0b__dMs3hD4
2024-05-06,파파레서피 김한균의 아침루틴,https://www.youtube.com/watch?v=6ma6FNse36M
2024-04-29,켈리최 회장님 아침루틴... 이거 진짜 맞아요?(100일 아침 습관의 기적),https://www.youtube.com/watch?v=DxCBopoHFuU
2024-04-22,집중력 19초 된 대한민국. 방법은 단 1가지밖에 없습니다(도둑맞은 집중력),https://www.youtube.com/watch?v=oq52OsRRlpU
2024-04-18,책 1000권 읽고 알게 된 '원숭이 독서법',https://www.youtube.com/watch?v=zdfldLdH_DQ
2024-04-15,켈리최 회장님? 끌어당김 법칙으로 절대 부자 될 수 없습니다.(100일 아침 습관의 기적),https://www.youtube.com/watch?v=KGSr-ZQJM04
2024-04-11,속독 절대 아님. 일본 천재의 독서법 순간다독술(일류의 조건),https://www.youtube.com/watch?v=P0IzgJHrTOE
2024-04-07,인생이 불안해서 미치겠나요? 딱 10분이면 해결됩니다(승자의 뇌),https://www.youtube.com/watch?v=31SRtSInlXk
2024-01-31,10대 20대 뇌가 와장창 된 이유(인스타브레인),https://www.youtube.com/watch?v=32JHfSb996Q
2024-01-28,2024년 단 한 권만 100번을 읽어야 한다면? (뇌 욕망의 비밀을 풀다),https://www.youtube.com/watch?v=AO34nX6H8AQ
2024-01-25,"다윈의 진화론을 모르면, 이해할 수 없는 베스트셀러 1위 (역행자)",https://www.youtube.com/watch?v=W1QVeCTEe5k
2024-01-16,대중을 개돼지로 만드는 법은 너무 간단합니다ㅋㅋ (조던 피터슨),https://www.youtube.com/watch?v=X2esWsYdO4c
2023-12-31,"동기부여, 끌어당김 절대 하지 마세요. 뇌가 개박살 납니다.",https://www.youtube.com/watch?v=aBs7yYuDsfE
2023-12-22,장담합니다. 평생 볼 유튜브 영상 중에 이게 최고일 겁니다.,https://www.youtube.com/watch?v=BTDJy2IsyVw
2023-11-09,와..미친.. 쇼펜하우어의 천재적인 생각 총정리,https://www.youtube.com/watch?v=rLyYDkuR-Rw
2023-10-19,"도파민에 박살난 MZ의 뇌, 유일한 회복방법(몰입 황농문 교수)",https://www.youtube.com/watch?v=Q0UVDZXecU8
2023-09-26,말 잘하는 연예인 999명 보고 느낀 것 (한석준),https://www.youtube.com/watch?v=IqNsIOePcW4
2023-09-17,흙수저를 회장님으로 만들어준 5권의 책(준오헤어 강윤선),https://www.youtube.com/watch?v=awkneh0lC48
2023-08-31,어디서도 듣지 못한 월급160에서 103억까지 풀스토리 (주언규 슈퍼노멀),https://www.youtube.com/watch?v=Ki0jkxblz5c
2023-08-22,35살에 2조 회사 만든 한 남자의 이야기. 본 적 있어?(파파레서피),https://www.youtube.com/watch?v=GuKCvtxz7N0
2023-07-31,여자가 2300억 일구는 충격적 방법(준오헤어 강윤선 대표),https://www.youtube.com/watch?v=x-FZUTTFzmY
2023-07-20,부자들은 아침에 대체 뭘 하던가요 선생님?,https://www.youtube.com/watch?v=7RZCHPj-rw8
2023-07-14,유전자 때문에 재벌 3세도 불행한 한국 (김경일 교수),https://www.youtube.com/watch?v=Gvd8UzP6D-I
2023-07-11,가난한 뇌를 부자의 뇌로 바꾸는 법(김경일 교수),https://www.youtube.com/watch?v=z8ZqLPQ7ssU
2023-06-30,부자들 아침 루틴? 다 필요 없고 5가지만 하세요,https://www.youtube.com/watch?v=bhYayuME2Yw
2023-06-26,우울감과 분노를 극복하는 3가지 방법(서울대 신종호 교수),https://www.youtube.com/watch?v=QY_OKD0VuMk
2023-06-19,실패하는 MZ는 이 3가지를 모릅니다 (전한길),https://www.youtube.com/watch?v=3SBSoJgZCvA
2023-06-10,MZ가 불행해요? ㅋㅋ(전한길 x 자청),https://www.youtube.com/watch?v=aPiAKxbYkqc
2023-06-08,일타강사 전한길의 처음 사석인터뷰 (자청 x 전한길 1부),https://www.youtube.com/watch?v=x6C_4dgK4r0
2023-06-03,"우울감, 분노가 있다면, 이 두 가지 행동만 죽어라 해보세요(연세대 김주환 교수 내면소통 2부)",https://www.youtube.com/watch?v=yyne-MhCCc8
2023-05-31,우울감 무기력? 30년 연구한 마음근력을 알면 모든게 해결됩니다 (연세대 김주환 교수 내면소통 1부),https://www.youtube.com/watch?v=dnR_3DQH7L8
2023-05-23,평생 잘난척 가능. 최초 역행자 저자의 9분 요약,https://www.youtube.com/watch?v=ld5Y0xxXwTE
2023-05-16,0원부터 100억 다시 버는 건 너무 쉽죠(아웃풋법칙 렘군),https://www.youtube.com/watch?v=pwqy-vx7uao
2023-05-08,'이것' 모르면 저처럼 망해버릴 수밖에 없습니다. 2가지만 기억하세요(주언규 부자의그릇),https://www.youtube.com/watch?v=PjUpT1oMKnQ
2023-04-29,집에 무조건 있잖아요? 이해한 사람은 1%밖에 없지만 (설득의 심리학),https://www.youtube.com/watch?v=nXXOLXN1-gI
2023-04-26,6가지 행동만 죽어라 지키세요. 부는 따라옵니다 (김승호 사장학개론),https://www.youtube.com/watch?v=323u63sIV4M
2023-04-23,모텔청소부 5년차에서 10조 부자로. 어떻게? (야놀자 리스타트),https://www.youtube.com/watch?v=dP0vdbrMXdg
2023-04-20,2가지만 미친듯이 하세요. 뇌가 완전히 변합니다(서울대 황농문 교수),https://www.youtube.com/watch?v=jVYnE4h670w
2023-03-17,와 미친.. 서울대교수가 하라는대로 했더니 ㅇㅅ역전함;; (황농문),https://www.youtube.com/watch?v=qLSoUQO--YY
2023-02-11,와..미친 개꿀빠는 영화 유튜버 지무비 월수익 매쳤다. 월 100억???,https://www.youtube.com/watch?v=UBmGIAqEl1c
2023-01-25,이 책을 모르는 사람은 한국에 없죠 (역행자 요약),https://www.youtube.com/watch?v=2VaIPcmCo5k
2023-01-18,"가난한 사람은 절대 안하고, 부자는 반드시 하는 2가지 습관 (복주환)",https://www.youtube.com/watch?v=YQokW3YJQTQ
2022-12-31,두뇌에 최악인 스마트폰? 오히려 지능을 높여주는 4가지 습관(인스타브레인),https://www.youtube.com/watch?v=0AbqWjUC_oo
2022-12-23,"부동산 41채 갖고 월 300받던 변태를 만나 인생역전 했죠(너나위,너바나)",https://www.youtube.com/watch?v=av3Fqt641o0
2022-12-21,나이트클럽에서 다 비웃을 때 이 책 3번 읽었죠(송사무장 부자아빠가난한아빠),https://www.youtube.com/watch?v=6IKxGQu11cg
2022-12-04,갑자기 10억씩 벌기 시작했죠(카네기 인간관계론 김작가tv),https://www.youtube.com/watch?v=3viNchJwi8c
2022-12-01,1300억 인생역전을 만들어준 단 한권의 책(레버리지 현승원),https://www.youtube.com/watch?v=5dGV7PbL6sc
2022-11-24,죽어라 4가지만 하니 부자 되더라구요(오리지널스),https://www.youtube.com/watch?v=cr_lgZ7hgU8
2022-11-14,수백억 자산가가 말하는 군주론(냉철TV),https://www.youtube.com/watch?v=x6SGVXjor1Q
2022-11-03,자수성가 책장에 100% 있는 책(스틱 주언규),https://www.youtube.com/watch?v=_fFN7IC-ybg
2022-10-26,두뇌를 300% 효율적으로 쓰는 법(정리하는뇌),https://www.youtube.com/watch?v=NUPMWURu1Q4
2022-10-19,바보도 연봉 10억을 만들어준 심리기술 '클루지',https://www.youtube.com/watch?v=lbGY7pBzhf8
2022-10-06,"미국 1000억 부자들의 책, 운과 실력의 성공방정식",https://www.youtube.com/watch?v=VWf6KId_y8o
2022-09-06,한달에 3억씩 버는 사람의 인생책 (아주작은습관의 힘),https://www.youtube.com/watch?v=oW9lqNEVDRw
2022-08-30,"무조건 선물하는 쉬운 뇌과학 책, 당신의 뇌는 최적화를 원한다",https://www.youtube.com/watch?v=8id8LG2dE9o
2022-08-22,자산이 200배 됐죠. 인생책 그릿 만나구요(신사임당 x 자청),https://www.youtube.com/watch?v=Zh6WkDGywE8
2022-08-16,신사임당 100억 벌게 해 준 책 원씽 with 자청,https://www.youtube.com/watch?v=xdom0vMCPPw
2022-08-11,멍청한 머리로 자본주의 1% 되는법(JOE튜브 조충익),https://www.youtube.com/watch?v=OXvILq70_W8
2022-07-12,"4년만에 30억 모아 퇴사, 딱 이것만 하면 되죠(부세)",https://www.youtube.com/watch?v=hVDHcEx37Vo
2022-07-08,"어린 200억 건물주, 초 구체적인 자수성가 방정식",https://www.youtube.com/watch?v=915pYnbCoLY
2022-06-21,금수저가 0원에서 자수성가 하는 충격적 방법,https://www.youtube.com/watch?v=onVlWg06zpE
2022-06-17,직장인이 3년만에 월급 33배 높인 3가지 방법,https://www.youtube.com/watch?v=9BELPEQ0SKw
2019-12-27,"자청 은퇴 마지막편, 세상 최적화 이론(귤장사 이야기)",https://www.youtube.com/watch?v=AUCKb5b5UNs
2019-11-06,"유튜브 알고리즘, 20개 영상으로 10만 구독자 만든 사람이 알려드립니다.",https://www.youtube.com/watch?v=rUKY_Qk_ezQ
2019-10-02,모든 사람의 마음이 보이니 인생 쉽더군요. 뇌욕망의 비밀을 풀다,https://www.youtube.com/watch?v=DFbVV-rQxak
2019-09-13,흙수저 찐따 오타쿠가 직원 40명 사업가가 된 이야기,https://www.youtube.com/watch?v=dCFc34nMsN4
2019-09-09,심장 약하면 클릭하지 마세요. 돈버는 법 '오목 이론' 공개,https://www.youtube.com/watch?v=gMpjUpO5Tzs
2019-09-05,"월 4000만원 버는 사업 3개 만들고 왔습니다(라이징유튜브, 유튜디오, 전자책)",https://www.youtube.com/watch?v=qPgvZrJwVHs
2019-07-25,"나만 알았다면 좋았을 사기급 심리학 기술, 지능의 사생활",https://www.youtube.com/watch?v=FmWq6mIUu00
2019-07-22,"클루지, 나만 알았다면 더 부자가 됐을텐데....",https://www.youtube.com/watch?v=v_ESC-96BKs
2019-07-14,자청 유튜브를 곧 9개 올리고 그만둘 예정입니다,https://www.youtube.com/watch?v=n37OmQlZyuk
2019-07-09,사기꾼은 사실 착한 사람이 90%에요,https://www.youtube.com/watch?v=kWJhfvCiHU8
2019-07-07,"가스라이팅으로 돈 버는 법, 소개한 책이 모두 베스트셀러가 되었다.",https://www.youtube.com/watch?v=zODBFv7j6lI
2019-06-28,"찐따 오타쿠였던 자청의 하는 사업, 하는 일 전격 공개",https://www.youtube.com/watch?v=etgJEfFyCys
2019-06-26,"인생 망하고 싶은 사람은 안 봐도 됨, 정리하는뇌는 송두리째 바꿀 것이다.",https://www.youtube.com/watch?v=f2hYXC1A5Nc
2019-06-21,자청의 미친 독서법,https://www.youtube.com/watch?v=XcE6OFFHBzE
2019-06-17,"월 2천만원 버는 시스템, 일주일만에 만들어볼게요.",https://www.youtube.com/watch?v=KfJD_s9QyY8
2019-06-12,오타쿠 흙수저의 인생을 역전시켜준 5권의 책,https://www.youtube.com/watch?v=fgdSQqDa7sE
2019-05-04,"신사임당, 자청 등 사업한다는 유튜버들은 사실 최하위권일 수밖에 없음",https://www.youtube.com/watch?v=imk6pmLy2zE
2019-05-03,"자수성가, 간단한 원리",https://www.youtube.com/watch?v=Wf2GekJxKH0
2019-05-02,월 1000만원 벌기 시작하면 벌어지는 끔찍한 일들 feat. 부자의그릇,https://www.youtube.com/watch?v=DMofENBKTsQ
2019-04-30,막장 흙수저 인생에서 최상위 부자가 되는 방법 (타이탄의 도구),https://www.youtube.com/watch?v=FxwugbRTWL0
2019-04-29,"창업가의 돈버는 방법, 한 달만에 월 5천만원씩 버는 사업 만든 방법",https://www.youtube.com/watch?v=7qBpW5hHLho
